username,firstName,lastName,email,password,enabled
TestUser21,test1,test1,test@test.ie,Blah1234,true
TestUser22,test2,test2,test@test.ie,Blah1235,true
TestUser23,test3,test3,test@test.ie,Blah1236,true
TestUser24,test4,test4,test@test.ie,Blah1237,true
TestUser25,test5,test5,test@test.ie,Blah1238,true
TestUser26,test6,test6,test@test.ie,Blah1239,true
TestUser27,test7,test7,test@test.ie,Blah1240,true
TestUser28,test8,test8,test@test.ie,Blah1241,true
TestUser29,test9,test9,test@test.ie,Blah1242,true
TestUser30,test10,test10,test@test.ie,Blah1243,true
TestUser31,test11,test11,test@test.ie,Blah1244,true
TestUser32,test12,test12,test@test.ie,Blah1245,true
TestUser33,test13,test13,test@test.ie,Blah1246,true
TestUser34,test14,test14,test@test.ie,Blah1247,true
TestUser35,test15,test15,test@test.ie,Blah1248,true
TestUser36,test16,test16,test@test.ie,Blah1249,true
TestUser37,test17,test17,test@test.ie,Blah1250,true
TestUser38,test18,test18,test@test.ie,Blah1251,true
TestUser39,test19,test19,test@test.ie,Blah1252,true
TestUser40,test20,test20,test@test.ie,Blah1253,true
TestUser41,test21,test21,test@test.ie,Blah1254,true
TestUser42,test22,test22,test@test.ie,Blah1255,true
TestUser43,test23,test23,test@test.ie,Blah1256,true
TestUser44,test24,test24,test@test.ie,Blah1257,true
TestUser45,test25,test25,test@test.ie,Blah1258,true
TestUser46,test26,test26,test@test.ie,Blah1259,true
TestUser47,test27,test27,test@test.ie,Blah1260,true
TestUser48,test28,test28,test@test.ie,Blah1261,true
TestUser49,test29,test29,test@test.ie,Blah1262,true
TestUser50,test30,test30,test@test.ie,Blah1263,true
TestUser51,test31,test31,test@test.ie,Blah1264,true
TestUser52,test32,test32,test@test.ie,Blah1265,true
TestUser53,test33,test33,test@test.ie,Blah1266,true
TestUser54,test34,test34,test@test.ie,Blah1267,true
TestUser55,test35,test35,test@test.ie,Blah1268,true
TestUser56,test36,test36,test@test.ie,Blah1269,true
TestUser57,test37,test37,test@test.ie,Blah1270,true
TestUser58,test38,test38,test@test.ie,Blah1271,true
TestUser59,test39,test39,test@test.ie,Blah1272,true
TestUser60,test40,test40,test@test.ie,Blah1273,true
TestUser61,test41,test41,test@test.ie,Blah1274,true
TestUser62,test42,test42,test@test.ie,Blah1275,true
TestUser63,test43,test43,test@test.ie,Blah1276,true
TestUser64,test44,test44,test@test.ie,Blah1277,true
TestUser65,test45,test45,test@test.ie,Blah1278,true
TestUser66,test46,test46,test@test.ie,Blah1279,true
TestUser67,test47,test47,test@test.ie,Blah1280,true
TestUser68,test48,test48,test@test.ie,Blah1281,true
TestUser69,test49,test49,test@test.ie,Blah1282,true
TestUser70,test50,test50,test@test.ie,Blah1283,true
TestUser71,test51,test51,test@test.ie,Blah1284,true
TestUser72,test52,test52,test@test.ie,Blah1285,true
TestUser73,test53,test53,test@test.ie,Blah1286,true
TestUser74,test54,test54,test@test.ie,Blah1287,true
TestUser75,test55,test55,test@test.ie,Blah1288,true
TestUser76,test56,test56,test@test.ie,Blah1289,true
TestUser77,test57,test57,test@test.ie,Blah1290,true
TestUser78,test58,test58,test@test.ie,Blah1291,true
TestUser79,test59,test59,test@test.ie,Blah1292,true
TestUser80,test60,test60,test@test.ie,Blah1293,true
TestUser81,test61,test61,test@test.ie,Blah1294,true
TestUser82,test62,test62,test@test.ie,Blah1295,true
TestUser83,test63,test63,test@test.ie,Blah1296,true
TestUser84,test64,test64,test@test.ie,Blah1297,true
TestUser85,test65,test65,test@test.ie,Blah1298,true
TestUser86,test66,test66,test@test.ie,Blah1299,true
TestUser87,test67,test67,test@test.ie,Blah1300,true
TestUser88,test68,test68,test@test.ie,Blah1301,true
TestUser89,test69,test69,test@test.ie,Blah1302,true
TestUser90,test70,test70,test@test.ie,Blah1303,true
TestUser91,test71,test71,test@test.ie,Blah1304,true
TestUser92,test72,test72,test@test.ie,Blah1305,true
TestUser93,test73,test73,test@test.ie,Blah1306,true
TestUser94,test74,test74,test@test.ie,Blah1307,true
TestUser95,test75,test75,test@test.ie,Blah1308,true
TestUser96,test76,test76,test@test.ie,Blah1309,true
TestUser97,test77,test77,test@test.ie,Blah1310,true
TestUser98,test78,test78,test@test.ie,Blah1311,true
TestUser99,test79,test79,test@test.ie,Blah1312,true
TestUser100,test80,test80,test@test.ie,Blah1313,true
TestUser101,test81,test81,test@test.ie,Blah1314,true
TestUser102,test82,test82,test@test.ie,Blah1315,true
TestUser103,test83,test83,test@test.ie,Blah1316,true
TestUser104,test84,test84,test@test.ie,Blah1317,true
TestUser105,test85,test85,test@test.ie,Blah1318,true
TestUser106,test86,test86,test@test.ie,Blah1319,true
TestUser107,test87,test87,test@test.ie,Blah1320,true
TestUser108,test88,test88,test@test.ie,Blah1321,true
TestUser109,test89,test89,test@test.ie,Blah1322,true
TestUser110,test90,test90,test@test.ie,Blah1323,true
TestUser111,test91,test91,test@test.ie,Blah1324,true
TestUser112,test92,test92,test@test.ie,Blah1325,true
TestUser113,test93,test93,test@test.ie,Blah1326,true
TestUser114,test94,test94,test@test.ie,Blah1327,true
TestUser115,test95,test95,test@test.ie,Blah1328,true
TestUser116,test96,test96,test@test.ie,Blah1329,true
TestUser117,test97,test97,test@test.ie,Blah1330,true
TestUser118,test98,test98,test@test.ie,Blah1331,true
TestUser119,test99,test99,test@test.ie,Blah1332,true
TestUser120,test100,test100,test@test.ie,Blah1333,true